f1a30f86ba8d4d857476086a3c6685aa	contact.md	1 file	secret	2026-02-18T00:49:36Z
aba010c0ed0d4f6594bc3ca98ac5c9e3	encrypted-functions-request-data-1747734706341.json	1 file	secret	2025-05-20T09:51:47Z
d59d4d9153ce35e344536107bd1e078e	encrypted-functions-request-data-1747734565527.json	1 file	secret	2025-05-20T09:49:26Z
54f4830c618f88f015e9db90030d9559	encrypted-functions-request-data-1747727445722.json	1 file	secret	2025-05-20T07:50:46Z
db0fd9700a71ab92edcd626cf5bc38a5	hello hono example	1 file	public	2025-04-03T08:39:16Z
0392c3712e128501638bea4c1e828ff1	SQL file to create db and table	1 file	public	2025-04-02T23:08:49Z
03512e04e0a6797fa1d02c3af14d801e	deno-graphql	3 files	secret	2025-03-26T16:45:32Z
33b040ac1fdf8d1ae6b0066cf887db38	This is a gist created by ofetch.	1 file	public	2025-03-17T01:37:37Z
dc719ab26d5e1e14962b401fc20d693b	Solana On-Chain Analytics. Week 2	2 files	public	2025-03-17T00:39:43Z
8793ecc8d86cd666aa0752d5f54f4fa3	astro	1 file	secret	2025-02-10T13:19:02Z
