name	html_url	stargazers_count	language	description
100	https://github.com/modster/100	0	JavaScript	
11ty-hylia	https://github.com/modster/11ty-hylia	0	HTML	
3-ng	https://github.com/modster/3-ng	1	TypeScript	
3d-environment	https://github.com/modster/3d-environment	0	JavaScript	Quick and dirty 3d environment to try out a few ideas.
4bit	https://github.com/modster/4bit	0	JavaScript	Terminal Color Scheme Designer
ably-react	https://github.com/modster/ably-react	0	TypeScript	
AdFreeCapitalist	https://github.com/modster/AdFreeCapitalist	0	Java	A clone of Adventure Capitalist, but funnier. Father/son project.
adorable-tomato	https://github.com/modster/adorable-tomato	0	JavaScript	
aframework	https://github.com/modster/aframework	0	JavaScript	
ai-next-huggingface	https://github.com/modster/ai-next-huggingface	0	TypeScript	
alchemon	https://github.com/modster/alchemon	0	JavaScript	
aleph.js	https://github.com/modster/aleph.js	0	N/A	The Full-stack Framework in Deno.
angular-component	https://github.com/modster/angular-component	0	TypeScript	Created with StackBlitz ⚡️
animated-mesh-distort-material	https://github.com/modster/animated-mesh-distort-material	0	JavaScript	Created with CodeSandbox
antfu-starter-ts	https://github.com/modster/antfu-starter-ts	0	TypeScript	Antfu's starter template for TypeScript library.
antfu-starter-vscode	https://github.com/modster/antfu-starter-vscode	0	TypeScript	
antfu-typescript-starter	https://github.com/modster/antfu-typescript-starter	0	TypeScript	Typescript starter template made by @Antfu. 
antfu-vitesse-starter	https://github.com/modster/antfu-vitesse-starter	0	TypeScript	Vitesse starter template made by @antfu.
api-routes-rest	https://github.com/modster/api-routes-rest	0	JavaScript	
app-skeleton	https://github.com/modster/app-skeleton	0	HTML	
appcenter-sampleapp-android	https://github.com/modster/appcenter-sampleapp-android	0	N/A	App Center Sample App for Android
appkit-vite-react	https://github.com/modster/appkit-vite-react	0	TypeScript	
arduino-nano-light-strip	https://github.com/modster/arduino-nano-light-strip	1	C++	my son's first arduino project!
arrasio	https://github.com/modster/arrasio	0	JavaScript	A fan-made sequel to diep.io
artisinal-code	https://github.com/modster/artisinal-code	0	JavaScript	
ASCII-minigl	https://github.com/modster/ASCII-minigl	0	JavaScript	
ascii-shader	https://github.com/modster/ascii-shader	0	JavaScript	
astro-basic	https://github.com/modster/astro-basic	0	Astro	Created with StackBlitz ⚡️
astro-content-collections	https://github.com/modster/astro-content-collections	0	Astro	
astro-flowbite-stackblitz	https://github.com/modster/astro-flowbite-stackblitz	0	Astro	Created with StackBlitz ⚡️
astro-kitchen-sink	https://github.com/modster/astro-kitchen-sink	0	TypeScript	Created with StackBlitz ⚡️
astro-leo-theme	https://github.com/modster/astro-leo-theme	0	N/A	Leo is an Astro theme built with Tailwind that gives you a sense of exploration in the universe and is designed to make writing posts easy.
astro-mdx-shiki	https://github.com/modster/astro-mdx-shiki	0	CSS	Created with StackBlitz ⚡️
astro-nanostore	https://github.com/modster/astro-nanostore	0	Astro	Created with StackBlitz ⚡️
astro-nanostores-csr	https://github.com/modster/astro-nanostores-csr	0	TypeScript	
astro-non-html-pages	https://github.com/modster/astro-non-html-pages	0	Astro	Created with StackBlitz ⚡️
astro-openprops-iqdxbs	https://github.com/modster/astro-openprops-iqdxbs	0	Astro	Created with StackBlitz ⚡️
astro-react	https://github.com/modster/astro-react	0	Nix	
astro-react-github-pages	https://github.com/modster/astro-react-github-pages	0	Astro	Astro, React, MDX, and Github Pages together at last!
astro-react-template	https://github.com/modster/astro-react-template	0	Astro	
astro-shadcn	https://github.com/modster/astro-shadcn	0	Astro	
astro-site	https://github.com/modster/astro-site	0	Astro	
astro-svelte	https://github.com/modster/astro-svelte	0	Astro	Created with StackBlitz ⚡️
async-api-generator	https://github.com/modster/async-api-generator	0	N/A	Use your AsyncAPI definition to generate literally anything. Markdown documentation, Node.js code, HTML documentation, anything!
atlas-blueprint-portfolio	https://github.com/modster/atlas-blueprint-portfolio	0	JavaScript	
awesome-leaf-pfnw55	https://github.com/modster/awesome-leaf-pfnw55	0	N/A	Created with CodeSandbox
Az-DevOps-Starter	https://github.com/modster/Az-DevOps-Starter	1	JavaScript	
AzBot	https://github.com/modster/AzBot	2	HTML	AzBot connects your Tradingview account to Binance. Now you can make trades on Binance using Tradingview strategies, charts and PineScripts that you create yourself, or select from thousands of community made scripts. Check the wiki for more information on getting started.
azbot-docs	https://github.com/modster/azbot-docs	0	N/A	AzBot connects your Tradingview account to Binance. Now you can trade algorithmically using Tradingview charts and scripts you create yourself, or select from thousands of free community made scripts. Tradingview has an excellant backtesting feature you can use to test your bot before going live.  Check the wiki for information on how to get started.
azure-serverless-tradingview	https://github.com/modster/azure-serverless-tradingview	0	Shell	azure-serverless-tradingview uses Azure serverless functions to parse alerts from your Tradingview charts and place orders with Binance using thier REST api.
babylon-ascii	https://github.com/modster/babylon-ascii	0	TypeScript	
babylon-asset-host	https://github.com/modster/babylon-asset-host	0	N/A	
babylon-npm-template	https://github.com/modster/babylon-npm-template	0	JavaScript	
babylon-vr-template	https://github.com/modster/babylon-vr-template	2	HTML	A Babylon.js template for creating immersive virtual reality environments and deploying them to a Github Pages site.
babylon-webxr-test	https://github.com/modster/babylon-webxr-test	1	TypeScript	
Babylon.js	https://github.com/modster/Babylon.js	0	TypeScript	Babylon.js is a powerful, beautiful, simple, and open game and rendering engine packed into a friendly JavaScript framework.
babylonjs	https://github.com/modster/babylonjs	0	TypeScript	
babylonjs-capacitor-webxr	https://github.com/modster/babylonjs-capacitor-webxr	0	HTML	
babylonjs-colysus	https://github.com/modster/babylonjs-colysus	0	HTML	babylonjs-colysus
babylonjs-package-template	https://github.com/modster/babylonjs-package-template	0	JavaScript	Babylonjs npm package template.
babylonjs-viewer-vite	https://github.com/modster/babylonjs-viewer-vite	0	HTML	
babylonjs-vite-boilerplate	https://github.com/modster/babylonjs-vite-boilerplate	0	N/A	
babylonjs-vite-webxr	https://github.com/modster/babylonjs-vite-webxr	1	TypeScript	BabylonJS, Vite, WebXR deployed to Github-Pages
babylonjs-webpack-es6	https://github.com/modster/babylonjs-webpack-es6	0	N/A	Babylon.js basic scene with typescript, webpack, es6 modules, editorconfig, eslint, hot loading and more. Will even make coffee if you ask nicely.
babylonjs-xr-starter	https://github.com/modster/babylonjs-xr-starter	0	TypeScript	
BabylonjsVideoProcessingSample	https://github.com/modster/BabylonjsVideoProcessingSample	0	N/A	Quick Demo for setting up a Babylon.js real time video processing in a web page.
BabylonReactNative	https://github.com/modster/BabylonReactNative	0	N/A	Build React Native applications with the power of Babylon Native
backpack-xnft	https://github.com/modster/backpack-xnft	0	TypeScript	
bar-chart	https://github.com/modster/bar-chart	0	JavaScript	
bare-bones-r3f	https://github.com/modster/bare-bones-r3f	0	HTML	
barebones-skeleton	https://github.com/modster/barebones-skeleton	0	JavaScript	Just messin' around... for now! 💀
barebones-threlte	https://github.com/modster/barebones-threlte	1	Svelte	
barebones-vite-vanillajs-starter	https://github.com/modster/barebones-vite-vanillajs-starter	0	CSS	Created with StackBlitz ⚡️
bartholemew-ssr-wasm	https://github.com/modster/bartholemew-ssr-wasm	0	Handlebars	
basic	https://github.com/modster/basic	0	CSS	A basic react app scaffolded with vite.
bench-trade	https://github.com/modster/bench-trade	0	Solidity	bench.trade 
better-onetab	https://github.com/modster/better-onetab	0	N/A	:bookmark_tabs: A better OneTab for Chrome  :memo: Temporarily removed from firefox :construction: V2 is WIP
binance	https://github.com/modster/binance	0	Java	Experimental trading bot for crypto currency on Binance.com
binance-api-postman	https://github.com/modster/binance-api-postman	0	N/A	Postman collection for Binance Public API, including spot, margin, futures, etc.
binance-api-websocket-demo	https://github.com/modster/binance-api-websocket-demo	0	N/A	Binance API Websocket Demo is a live demo site deployed on GitHub Pages that demonstrates how to build a web app that can subscribe to websocket streams. Made with Next 13, React, React Query, Tailwind. Features include the new app directory, server components, Sqlite db and more.
binance-sha256	https://github.com/modster/binance-sha256	0	JavaScript	
binance-signature	https://github.com/modster/binance-signature	0	JavaScript	
bins	https://github.com/modster/bins	0	N/A	All modster's bins
blank-codespace-starter	https://github.com/modster/blank-codespace-starter	0	N/A	
Blazor	https://github.com/modster/Blazor	0	C#	A framework for building interactive client-side web UI with .NET
blender	https://github.com/modster/blender	1	C	
blocks-template	https://github.com/modster/blocks-template	0	TypeScript	
bokeh	https://github.com/modster/bokeh	1	Python	Interactive Web Plotting for Python
book-content	https://github.com/modster/book-content	0	N/A	
botman	https://github.com/modster/botman	0	N/A	A bitcoin trading bot that connects Tradingview Chart with Binance.
browser-rollup	https://github.com/modster/browser-rollup	0	JavaScript	
btc-charrt	https://github.com/modster/btc-charrt	0	N/A	
btc-chart	https://github.com/modster/btc-chart	0	Java	
buiderio-react-r3f	https://github.com/modster/buiderio-react-r3f	0	HTML	Test
buiderio-react-template	https://github.com/modster/buiderio-react-template	0	HTML	Created with CodeSandbox
builder	https://github.com/modster/builder	1	N/A	Drag and drop Visual CMS for React, Vue, Angular, and more
builder-nextjs-starter	https://github.com/modster/builder-nextjs-starter	0	JavaScript	
builderio-nextjs-r3f	https://github.com/modster/builderio-nextjs-r3f	0	TypeScript	
bun-fun	https://github.com/modster/bun-fun	0	N/A	trying out bun
byob2	https://github.com/modster/byob2	0	CSS	
cache-strategies	https://github.com/modster/cache-strategies	0	N/A	Educational: forked from https://github.com/prof3ssorSt3v3/cache-strategies
calc	https://github.com/modster/calc	0	JavaScript	
camx	https://github.com/modster/camx	1	Kotlin	CamCam is a modern camera app for Android that can take long exposure photos, switch between front and back lenses, and use manual or auto focus.
carbon-design-system	https://github.com/modster/carbon-design-system	0	JavaScript	Carbon Design System
carbon-line-chart	https://github.com/modster/carbon-line-chart	0	N/A	Created with CodeSandbox
carbon-react-relay	https://github.com/modster/carbon-react-relay	0	JavaScript	Trying out some graphql clients.
carbon-time-series	https://github.com/modster/carbon-time-series	0	N/A	Created with CodeSandbox
carbon-tutorial-angular	https://github.com/modster/carbon-tutorial-angular	0	N/A	An Angular app for the Carbon Design System tutorial
carbon-tutorial-react	https://github.com/modster/carbon-tutorial-react	0	JavaScript	An app for the Carbon Design System tutorial
caron-line-chart	https://github.com/modster/caron-line-chart	0	N/A	Created with CodeSandbox
ccxt	https://github.com/modster/ccxt	0	N/A	A JavaScript / Python / PHP cryptocurrency trading API with support for more than 120 bitcoin/altcoin exchanges
chat-example	https://github.com/modster/chat-example	0	N/A	
chromatic	https://github.com/modster/chromatic	0	HTML	
clean-lobster-16	https://github.com/modster/clean-lobster-16	0	TypeScript	
clerk-nextjs-starter.	https://github.com/modster/clerk-nextjs-starter.	0	JavaScript	clerk-nextjs-starter.
cloudflare-worker-binance-hmac-256sha	https://github.com/modster/cloudflare-worker-binance-hmac-256sha	1	TypeScript	An example of how to sign request params for Binance API in Cloudflare Workers. Cloudflare has their own way of doing things. 
cms-insanity-nextjs	https://github.com/modster/cms-insanity-nextjs	0	JavaScript	
codesandbox-p5-template	https://github.com/modster/codesandbox-p5-template	0	HTML	Created with CodeSandbox
codesandbox-react-template	https://github.com/modster/codesandbox-react-template	0	HTML	Created with CodeSandbox
codespaces-jupyter	https://github.com/modster/codespaces-jupyter	0	Jupyter Notebook	
codespaces-jupyter-2	https://github.com/modster/codespaces-jupyter-2	0	Jupyter Notebook	
codespaces-nextjs	https://github.com/modster/codespaces-nextjs	0	JavaScript	
codespaces-preact	https://github.com/modster/codespaces-preact	0	JavaScript	
codespaces-preact-starter	https://github.com/modster/codespaces-preact-starter	0	JavaScript	
codespaces-preact-template	https://github.com/modster/codespaces-preact-template	0	JavaScript	
codespaces-react-builderio	https://github.com/modster/codespaces-react-builderio	0	JavaScript	
codux-vite-react	https://github.com/modster/codux-vite-react	0	TypeScript	Trying out the new Codux editor.
colab-template	https://github.com/modster/colab-template	1	Jupyter Notebook	Google Colab Template
colyseus-babylonjs-boilerplate	https://github.com/modster/colyseus-babylonjs-boilerplate	0	TypeScript	colyseus-babylonjs-boilerplate.
component	https://github.com/modster/component	0	JavaScript	
component-library	https://github.com/modster/component-library	0	TypeScript	
conda	https://github.com/modster/conda	0	Python	OS-agnostic, system-level binary package manager and ecosystem
content	https://github.com/modster/content	0	N/A	The content behind MDN Web Docs
cookiecutter	https://github.com/modster/cookiecutter	0	Python	A command-line utility that creates projects from cookiecutters (project templates). E.g. Python package projects, jQuery plugin projects.
create-react-app-lambda	https://github.com/modster/create-react-app-lambda	0	JavaScript	
create-react-template	https://github.com/modster/create-react-template	0	N/A	
curl-noise-depth-of-field	https://github.com/modster/curl-noise-depth-of-field	0	N/A	Created with CodeSandbox
custom-shader	https://github.com/modster/custom-shader	0	JavaScript	
cv	https://github.com/modster/cv	0	HTML	The repo that hosts Eric Michael Greeff's CV.
d3	https://github.com/modster/d3	0	N/A	Just curious how and why @bostock organized the D3 repositories the way he did.
d3-bar-chart-component	https://github.com/modster/d3-bar-chart-component	0	JavaScript	
d3-deno-api	https://github.com/modster/d3-deno-api	0	CSS	
d3-js-using-yaml-jekyll	https://github.com/modster/d3-js-using-yaml-jekyll	0	HTML	Delivering D3.js Data Sources Using YAML via Jekyll
d3-svelte	https://github.com/modster/d3-svelte	0	N/A	Created with CodeSandbox
d3-wasm-denol	https://github.com/modster/d3-wasm-denol	0	N/A	
d3fc-template	https://github.com/modster/d3fc-template	0	HTML	
data-driven	https://github.com/modster/data-driven	0	CSS	
database-proxy	https://github.com/modster/database-proxy	0	N/A	A proxy to connect Observable notebooks to databases on private networks
datadash	https://github.com/modster/datadash	0	Astro	
datadash-web	https://github.com/modster/datadash-web	0	Astro	
ddd-react	https://github.com/modster/ddd-react	0	N/A	Created with CodeSandbox
demo	https://github.com/modster/demo	0	N/A	Created with CodeSandbox
deno	https://github.com/modster/deno	0	Dockerfile	
deno-chart	https://github.com/modster/deno-chart	0	TypeScript	
deno-chat-app	https://github.com/modster/deno-chat-app	0	JavaScript	
deno-create-vite	https://github.com/modster/deno-create-vite	0	CSS	
deno-deploy-examples-hello-world	https://github.com/modster/deno-deploy-examples-hello-world	0	HTML	
deno-docker-sandbox	https://github.com/modster/deno-docker-sandbox	0	Dockerfile	Created with CodeSandbox
deno-fresh-demo	https://github.com/modster/deno-fresh-demo	0	TypeScript	
deno-fresh-nft-app	https://github.com/modster/deno-fresh-nft-app	0	N/A	
deno-fresh-starter	https://github.com/modster/deno-fresh-starter	0	TypeScript	
deno-hono	https://github.com/modster/deno-hono	0	N/A	
deno-hono-htmx	https://github.com/modster/deno-hono-htmx	0	JavaScript	
deno-oak-api	https://github.com/modster/deno-oak-api	0	TypeScript	
deno-react	https://github.com/modster/deno-react	0	TypeScript	
deno-react-r3f-meshline	https://github.com/modster/deno-react-r3f-meshline	1	CSS	deno-react-r3f-meshline
deno-react-ssr	https://github.com/modster/deno-react-ssr	0	TypeScript	
deno-servers	https://github.com/modster/deno-servers	0	TypeScript	
deno-std-lib-template	https://github.com/modster/deno-std-lib-template	0	TypeScript	Created with CodeSandbox
deno-svelte	https://github.com/modster/deno-svelte	0	JavaScript	
deno-url-object	https://github.com/modster/deno-url-object	0	TypeScript	
deno-vite-react	https://github.com/modster/deno-vite-react	0	CSS	
denodeploy-skeleton	https://github.com/modster/denodeploy-skeleton	0	JavaScript	
deno_deferred	https://github.com/modster/deno_deferred	0	N/A	simple deferred for deno
devil-child	https://github.com/modster/devil-child	0	HTML	
diep-bot	https://github.com/modster/diep-bot	0	JavaScript	A diep.io bot made in node.js
diep-clone	https://github.com/modster/diep-clone	0	JavaScript	diep.io clone
diep-clone-unity	https://github.com/modster/diep-clone-unity	0	C#	A diep.io clone in C# made with Unity game engine.
diep-scripts	https://github.com/modster/diep-scripts	0	N/A	
diepbot	https://github.com/modster/diepbot	0	N/A	
docker-bash	https://github.com/modster/docker-bash	1	Dockerfile	Several versions of Bash, Dockerized
docker-py	https://github.com/modster/docker-py	0	Python	A Python library for the Docker Engine API
docker-sqlite-wasm	https://github.com/modster/docker-sqlite-wasm	0	JavaScript	
Documentation	https://github.com/modster/Documentation	0	TypeScript	Babylon.js's documentation website
docus-docs-starter	https://github.com/modster/docus-docs-starter	0	TypeScript	
dom-examples	https://github.com/modster/dom-examples	0	N/A	Code examples that accompany various MDN DOM and Web API documentation pages
doot-puppy	https://github.com/modster/doot-puppy	0	JavaScript	nodejs reddit scraper using puppeteer
dootbot-test2	https://github.com/modster/dootbot-test2	0	JavaScript	test websocket
drag-n-drop-image-editor	https://github.com/modster/drag-n-drop-image-editor	0	TypeScript	Created with CodeSandbox
drei-stars	https://github.com/modster/drei-stars	0	JavaScript	Created with CodeSandbox
easy_py_messaging	https://github.com/modster/easy_py_messaging	0	Python	A simple-to-use python wrapper around ZeroMQ for distributed systems messaging
edge-function-leobot	https://github.com/modster/edge-function-leobot	0	JavaScript	
edge-functions-examples	https://github.com/modster/edge-functions-examples	0	JavaScript	
editable-list	https://github.com/modster/editable-list	0	JavaScript	
egui	https://github.com/modster/egui	0	Rust	
elecetron-qs	https://github.com/modster/elecetron-qs	0	JavaScript	Electron quick start app
electron	https://github.com/modster/electron	0	JavaScript	
electron-api-demos	https://github.com/modster/electron-api-demos	0	N/A	Explore the Electron APIs
electron-react	https://github.com/modster/electron-react	0	TypeScript	
eleventy-base-blog	https://github.com/modster/eleventy-base-blog	0	HTML	
eleventyone	https://github.com/modster/eleventyone	0	JavaScript	
esbuild-example	https://github.com/modster/esbuild-example	0	JavaScript	
ethereum-boilerplate	https://github.com/modster/ethereum-boilerplate	0	N/A	
examples	https://github.com/modster/examples	0	N/A	Examples of using Observable in a variety of contexts
examples-1	https://github.com/modster/examples-1	0	N/A	A simple todo app using Deno and React.
examples-next-prisma-websockets-starter	https://github.com/modster/examples-next-prisma-websockets-starter	0	N/A	🏓 tRPC Next.js WebSocket Starter
examples-with-fresh	https://github.com/modster/examples-with-fresh	1	TypeScript	
exciting-clam-88	https://github.com/modster/exciting-clam-88	0	TypeScript	
exciting-volhard-g43ctt	https://github.com/modster/exciting-volhard-g43ctt	0	JavaScript	Created with CodeSandbox
express-4.x-local-example	https://github.com/modster/express-4.x-local-example	0	N/A	Express 4.x app using Passport for sign in with username and password.
express-simple-nqdsrp	https://github.com/modster/express-simple-nqdsrp	0	JavaScript	Created with StackBlitz ⚡️
expressjs-sse	https://github.com/modster/expressjs-sse	0	JavaScript	
ez-docker	https://github.com/modster/ez-docker	0	Shell	
face_recognition	https://github.com/modster/face_recognition	0	Python	The world's simplest facial recognition api for Python and the command line
fake-data	https://github.com/modster/fake-data	0	JavaScript	Mock data function and d3 candlestick chart. Runs in the browser first try. Gonna make it a template and a github page.
farcaster-frame-100	https://github.com/modster/farcaster-frame-100	0	TypeScript	
faunadb-zeit-sample-app	https://github.com/modster/faunadb-zeit-sample-app	0	JavaScript	
feathers-chat	https://github.com/modster/feathers-chat	1	CSS	A Feathers real-time chat application
fetch-readable-streams	https://github.com/modster/fetch-readable-streams	0	N/A	Streaming requests with the fetch API
fiber-gltf-loader	https://github.com/modster/fiber-gltf-loader	0	JavaScript	Created with CodeSandbox
fig-autocomplete	https://github.com/modster/fig-autocomplete	0	N/A	IDE-style autocomplete for your existing terminal & shell
fixi	https://github.com/modster/fixi	0	N/A	
flareact-template	https://github.com/modster/flareact-template	0	N/A	Template for Flareact projects
flask-nextjs-demo	https://github.com/modster/flask-nextjs-demo	0	Python	
flat	https://github.com/modster/flat	0	N/A	hello world for flat data 
flat-data	https://github.com/modster/flat-data	0	N/A	
flo	https://github.com/modster/flo	0	TypeScript	
floor-is-llava	https://github.com/modster/floor-is-llava	1	Svelte	Generate images based on text prompts using Workers AI.
foton-stitch-react	https://github.com/modster/foton-stitch-react	0	Kotlin	
foton-web-app	https://github.com/modster/foton-web-app	0	TypeScript	
fractal	https://github.com/modster/fractal	0	N/A	
frames	https://github.com/modster/frames	0	JavaScript	
franks-lab-sprites	https://github.com/modster/franks-lab-sprites	0	JavaScript	
Freenove_ESP32_S3_WROOM_Board-main	https://github.com/modster/Freenove_ESP32_S3_WROOM_Board-main	0	Python	
freqtrade	https://github.com/modster/freqtrade	0	N/A	Open source crypto trading bot written in Python. It is designed to support all major exchanges and be controlled via Telegram or webUI. It contains backtesting, plotting and money management tools as well as strategy optimization by machine learning.
freqtrade-macd	https://github.com/modster/freqtrade-macd	0	Python	
fresh	https://github.com/modster/fresh	0	N/A	The next-gen web framework.
fresh-deno	https://github.com/modster/fresh-deno	0	N/A	Tinkering with the Fresh framework for Deno
fresh-kv-demo	https://github.com/modster/fresh-kv-demo	0	N/A	A Fresh framework demo using Deno KV
fresh-r3f	https://github.com/modster/fresh-r3f	0	TypeScript	
fresh_charts	https://github.com/modster/fresh_charts	0	N/A	A server-side-rendered charting library for Fresh
frog-frame	https://github.com/modster/frog-frame	0	TypeScript	
functions	https://github.com/modster/functions	0	CSS	
functions-multi-framework	https://github.com/modster/functions-multi-framework	0	TypeScript	Created with CodeSandbox
funny-dingo-56	https://github.com/modster/funny-dingo-56	0	CSS	
gatsby-r3f-stars	https://github.com/modster/gatsby-r3f-stars	0	JavaScript	Created with CodeSandbox
gatsby-react-three-stars	https://github.com/modster/gatsby-react-three-stars	0	JavaScript	Created with CodeSandbox
gatsby-starter-antv	https://github.com/modster/gatsby-starter-antv	0	CSS	The default Gatsby starter
gatsby-theme-apollo	https://github.com/modster/gatsby-theme-apollo	0	N/A	💜 Themes that we use to build Gatsby sites at Apollo
gcp-oauth	https://github.com/modster/gcp-oauth	0	JavaScript	a template for a google cloud platform oauth app
get-started-sanity-nextjs	https://github.com/modster/get-started-sanity-nextjs	0	JavaScript	
gh-page	https://github.com/modster/gh-page	0	HTML	
gh-pages	https://github.com/modster/gh-pages	0	JavaScript	
git-gateway	https://github.com/modster/git-gateway	1	N/A	
github-5asvxy	https://github.com/modster/github-5asvxy	0	Astro	Created with StackBlitz ⚡️
github-pages-with-jekyll	https://github.com/modster/github-pages-with-jekyll	0	N/A	
github-slideshow	https://github.com/modster/github-slideshow	0	HTML	A robot powered training repository :robot:
github_webhooks	https://github.com/modster/github_webhooks	0	N/A	⚓ Handle GitHub Webhooks with Deno and Deno Deploy.
gitignore	https://github.com/modster/gitignore	0	N/A	A collection of useful .gitignore templates
gitpaper	https://github.com/modster/gitpaper	1	N/A	A few paragraphs about Git for my COMP200 assignment.
glitches	https://github.com/modster/glitches	0	SCSS	Repo for my Glitch Remixes
GLSL-on-Angular	https://github.com/modster/GLSL-on-Angular	0	TypeScript	
gltf-export-from-blender-example	https://github.com/modster/gltf-export-from-blender-example	0	JavaScript	gltf-export-from-blender-example
gm	https://github.com/modster/gm	0	N/A	GraphicsMagick for node
graphiql-app	https://github.com/modster/graphiql-app	0	N/A	Light, Electron-based Wrapper around GraphiQL
graphql-apollo-node	https://github.com/modster/graphql-apollo-node	0	JavaScript	
graphql-client-fg71w4	https://github.com/modster/graphql-client-fg71w4	0	JavaScript	Created with StackBlitz ⚡️
gravity	https://github.com/modster/gravity	0	Vue	
greeffer	https://github.com/modster/greeffer	0	N/A	
greeffer-copy-01	https://github.com/modster/greeffer-copy-01	0	CSS	
greeffer-creeper	https://github.com/modster/greeffer-creeper	0	Python	When someone asks "what was the name of the actor in that film?" my docker swarm will attempt to provide them with an answer using a variety of means, including keyword context, computer vision, object detection, facial recognition, etc. 
greeffercom	https://github.com/modster/greeffercom	0	JavaScript	
greeffercom-frontend	https://github.com/modster/greeffercom-frontend	0	JavaScript	Created with CodeSandbox
greenfield-js-sdk-next	https://github.com/modster/greenfield-js-sdk-next	0	TypeScript	Created with StackBlitz ⚡️
gridsome-forestry-starter	https://github.com/modster/gridsome-forestry-starter	0	Vue	
gridsome-minimal-blog	https://github.com/modster/gridsome-minimal-blog	0	Vue	
gridsome-starter-blog	https://github.com/modster/gridsome-starter-blog	0	Vue	
gridsome-starter-resume	https://github.com/modster/gridsome-starter-resume	0	Vue	
growing-galaxy	https://github.com/modster/growing-galaxy	0	MDX	
haikus-for-all	https://github.com/modster/haikus-for-all	0	EJS	
haikus-for-codespaces	https://github.com/modster/haikus-for-codespaces	0	EJS	.
happy-zebra-49	https://github.com/modster/happy-zebra-49	0	TypeScript	
hedge-mode	https://github.com/modster/hedge-mode	0	N/A	
helia-examples	https://github.com/modster/helia-examples	0	N/A	How to do most anything with your Helia node
hello	https://github.com/modster/hello	0	JavaScript	
hello-boxy	https://github.com/modster/hello-boxy	0	N/A	Created with CodeSandbox
hello-chartjs	https://github.com/modster/hello-chartjs	0	HTML	Created with StackBlitz ⚡️
hello-chromatic	https://github.com/modster/hello-chromatic	0	N/A	
hello-cloudflare	https://github.com/modster/hello-cloudflare	0	Svelte	
hello-deploy	https://github.com/modster/hello-deploy	0	TypeScript	
hello-fresh	https://github.com/modster/hello-fresh	0	TypeScript	
hello-github-actions	https://github.com/modster/hello-github-actions	0	N/A	
hello-hugo-cms	https://github.com/modster/hello-hugo-cms	0	CSS	
hello-mermaid	https://github.com/modster/hello-mermaid	0	HTML	
hello-opensea	https://github.com/modster/hello-opensea	0	JavaScript	NFTs
hello-rollup	https://github.com/modster/hello-rollup	0	JavaScript	
hello-svelte-cubed	https://github.com/modster/hello-svelte-cubed	0	Svelte	
hello-threejs	https://github.com/modster/hello-threejs	0	JavaScript	
hiber3d-hdk-template	https://github.com/modster/hiber3d-hdk-template	0	TypeScript	Created with StackBlitz ⚡️
hmac-sha256-template	https://github.com/modster/hmac-sha256-template	0	TypeScript	When it comes to signing orders Binance's api docs are about as clear as mud. Why don't they just make a template repo, don't they want my money?
hmac-signature	https://github.com/modster/hmac-signature	0	JavaScript	
hono	https://github.com/modster/hono	0	TypeScript	
hono-cron-job	https://github.com/modster/hono-cron-job	2	TypeScript	
hono-pino-stoker	https://github.com/modster/hono-pino-stoker	1	TypeScript	Type Safe ReSTful Api with Hono, Pino, OpenApi, Stoker, and more!
hono-ssr-react-jsx	https://github.com/modster/hono-ssr-react-jsx	0	TypeScript	
htm-preact-todo	https://github.com/modster/htm-preact-todo	0	CSS	Created with CodeSandbox
htm-ssr-demo	https://github.com/modster/htm-ssr-demo	0	N/A	Demo SSR
HTMx	https://github.com/modster/HTMx	0	TypeScript	
htmx-deno	https://github.com/modster/htmx-deno	0	JavaScript	HTMX and Deno demo site using deno deploy.
http-server	https://github.com/modster/http-server	0	JavaScript	a simple zero-configuration command-line http server
hyf-homework-nodejs-3	https://github.com/modster/hyf-homework-nodejs-3	0	JavaScript	
hylia-11ty	https://github.com/modster/hylia-11ty	0	HTML	
hzvan2	https://github.com/modster/hzvan2	0	TypeScript	
ilovecodeflow.com	https://github.com/modster/ilovecodeflow.com	0	N/A	
image-decode-attr	https://github.com/modster/image-decode-attr	0	N/A	Code from video about the image decode attribute
imagemagick-react-wasm	https://github.com/modster/imagemagick-react-wasm	0	N/A	Created with CodeSandbox
image_processing_with_python	https://github.com/modster/image_processing_with_python	0	Python	
immich-go	https://github.com/modster/immich-go	0	N/A	An alternative to the immich-CLI command that doesn't depend on nodejs installation. It tries its best for importing google photos takeout archives.
insomnia-plugin-dotenv	https://github.com/modster/insomnia-plugin-dotenv	0	JavaScript	
intro-react	https://github.com/modster/intro-react	0	JavaScript	A robot powered training repository :robot:
ionic6-angular	https://github.com/modster/ionic6-angular	0	TypeScript	Created with StackBlitz ⚡️
ipyparallel	https://github.com/modster/ipyparallel	1	Python	Interactive Parallel Computing in Python
ipython-notebooks	https://github.com/modster/ipython-notebooks	0	Jupyter Notebook	This repository contains IPython notebooks that I have written.
itty-fetcher-cfw	https://github.com/modster/itty-fetcher-cfw	1	TypeScript	
jamdocs	https://github.com/modster/jamdocs	0	N/A	The ultimate staic generated documentation theme for the JAM-stack. Highly cusomizable, based on Gridsome, ready to deploy to Netlify in one click.
jamdocs-netlify	https://github.com/modster/jamdocs-netlify	1	Vue	
jit-open-props-ezrhzt	https://github.com/modster/jit-open-props-ezrhzt	0	CSS	Created with StackBlitz ⚡️
joysofcode-svelte-gui-3zfmge	https://github.com/modster/joysofcode-svelte-gui-3zfmge	0	Svelte	Created with StackBlitz ⚡️
json-graphql-server	https://github.com/modster/json-graphql-server	0	JavaScript	Created with StackBlitz ⚡️
json-rest-api	https://github.com/modster/json-rest-api	0	JavaScript	Created with CodeSandbox
json-server	https://github.com/modster/json-server	0	HTML	Created with CodeSandbox
json-server-6zitec	https://github.com/modster/json-server-6zitec	0	HTML	Created with StackBlitz ⚡️
json-server-aclsep	https://github.com/modster/json-server-aclsep	0	HTML	Created with StackBlitz ⚡️
json-server-ze2pmg	https://github.com/modster/json-server-ze2pmg	0	HTML	Created with StackBlitz ⚡️
JSProject	https://github.com/modster/JSProject	0	N/A	
junior-arts-club	https://github.com/modster/junior-arts-club	0	CSS	
Jupyterlite	https://github.com/modster/Jupyterlite	0	Jupyter Notebook	
Jupyterlite-demo	https://github.com/modster/Jupyterlite-demo	0	Jupyter Notebook	Jupyterlite deploye on GitHub Pages.
jupytext	https://github.com/modster/jupytext	0	Python	Jupyter notebooks as Markdown documents, Julia, Python or R scripts
karma	https://github.com/modster/karma	0	N/A	Spectacular Test Runner for JavaScript
klein	https://github.com/modster/klein	0	Python	werkzeug + twisted.web
lab-starter	https://github.com/modster/lab-starter	0	N/A	
labs	https://github.com/modster/labs	0	PHP	This is a collection of tutorials for learning how to use Docker with various tools. Contributions welcome.
langchain-playground	https://github.com/modster/langchain-playground	1	JavaScript	
langchain-supabase	https://github.com/modster/langchain-supabase	0	TypeScript	
lazyvim-starter	https://github.com/modster/lazyvim-starter	0	Lua	
legion238	https://github.com/modster/legion238	0	JavaScript	
leo2018-node-hello	https://github.com/modster/leo2018-node-hello	0	HTML	Learning nodejs
LeoBot	https://github.com/modster/LeoBot	3	JavaScript	Use TradingView charts to trade on Binance. 
leobot-electron	https://github.com/modster/leobot-electron	0	JavaScript	LeoBot uses TradingView Alerts to send trade signals to an Azure Functions instance, which then authenticates with the Binance API and places orders on the spot and futures markets using data passed from your chart on TradingView.com.
leva-fork	https://github.com/modster/leva-fork	0	N/A	🌋 React-first components GUI
lightweight-charts	https://github.com/modster/lightweight-charts	0	N/A	Financial lightweight charts built with HTML5 canvas
lilBot	https://github.com/modster/lilBot	31	JavaScript	LilBot:  *  The simplest little crypto bot ever. Tradingview Webhooks Node JS
lit-html-template	https://github.com/modster/lit-html-template	0	JavaScript	lit-html-template
Livebook	https://github.com/modster/Livebook	0	Dockerfile	
llama-index-typescript	https://github.com/modster/llama-index-typescript	1	TypeScript	Created with StackBlitz ⚡️
lowdb-socketio-charts	https://github.com/modster/lowdb-socketio-charts	0	JavaScript	
lua	https://github.com/modster/lua	0	Lua	
lunar-luminosity	https://github.com/modster/lunar-luminosity	0	Astro	
lw-charts-react	https://github.com/modster/lw-charts-react	0	N/A	
main_ts	https://github.com/modster/main_ts	0	TypeScript	
mandlebrot-set	https://github.com/modster/mandlebrot-set	0	HTML	
Mandlebulb-3d-fractal-generator	https://github.com/modster/Mandlebulb-3d-fractal-generator	0	N/A	This project's goal is to create a Mandelbulb visualization inside of a virtual reality environment that users can interact with by adjusting settings and variables. 
mantine-min	https://github.com/modster/mantine-min	0	TypeScript	
mantine-vite	https://github.com/modster/mantine-vite	0	TypeScript	
maps-platform-101-js	https://github.com/modster/maps-platform-101-js	0	JavaScript	
maps-platform-101-js-1	https://github.com/modster/maps-platform-101-js-1	0	N/A	
marked	https://github.com/modster/marked	0	N/A	A markdown parser and compiler. Built for speed.
MetaCoin-tutorial	https://github.com/modster/MetaCoin-tutorial	0	JavaScript	
metalsmith-netlify-starter	https://github.com/modster/metalsmith-netlify-starter	0	JavaScript	
MeTube	https://github.com/modster/MeTube	0	Svelte	
mikester	https://github.com/modster/mikester	0	N/A	
miles	https://github.com/modster/miles	0	JavaScript	Miles M's website
mime-db	https://github.com/modster/mime-db	1	N/A	Media Type Database
minimal-mistakes	https://github.com/modster/minimal-mistakes	1	CSS	:triangular_ruler: A flexible two-column Jekyll theme. Perfect for personal sites, blogs, and portfolios hosted on GitHub or your own server.
mint-nft-moralis	https://github.com/modster/mint-nft-moralis	0	TypeScript	
mit-license	https://github.com/modster/mit-license	0	N/A	Hosted MIT License with details controlled through this repo
modster	https://github.com/modster/modster	1	JavaScript	My github profile repo
modster-server	https://github.com/modster/modster-server	0	JavaScript	Vanilla HTTP server 
modster.github.io	https://github.com/modster/modster.github.io	1	HTML	The profile of Calgary programmer Eric Michael Greeff.
monaco-graphql-react-vite-zpulwg	https://github.com/modster/monaco-graphql-react-vite-zpulwg	0	TypeScript	Created with StackBlitz ⚡️
moon-r3f	https://github.com/modster/moon-r3f	0	JavaScript	
mothers-day	https://github.com/modster/mothers-day	0	JavaScript	Created with CodeSandbox
music_nfts	https://github.com/modster/music_nfts	0	JavaScript	
mutable-wind-xf69br	https://github.com/modster/mutable-wind-xf69br	0	JavaScript	Created with CodeSandbox
my-blender-mooon	https://github.com/modster/my-blender-mooon	0	N/A	
my-builder-app	https://github.com/modster/my-builder-app	0	N/A	
my-gridsome-site	https://github.com/modster/my-gridsome-site	0	Vue	tinkering with gridsome and serverless functions.
my-project	https://github.com/modster/my-project	0	N/A	
my-reason-react-app	https://github.com/modster/my-reason-react-app	0	Reason	
my-svelte-app	https://github.com/modster/my-svelte-app	0	JavaScript	
my-turborepo	https://github.com/modster/my-turborepo	0	JavaScript	
my-vanilla-api	https://github.com/modster/my-vanilla-api	0	HTML	
MyFirstApp	https://github.com/modster/MyFirstApp	0	N/A	I'm doing to android studio "getting started" a.k.a. "Hello World" tutorial.
nakama	https://github.com/modster/nakama	0	N/A	Distributed server for social and realtime games and apps.
neovim-starter	https://github.com/modster/neovim-starter	1	Lua	Neovim starter template
Nerdbank.Streams	https://github.com/modster/Nerdbank.Streams	0	C#	Specialized .NET Streams for full duplex in-proc communication, web sockets, and multiplexing
netlify	https://github.com/modster/netlify	0	N/A	A preactjs and netlify CMS template
netlify-functions	https://github.com/modster/netlify-functions	0	JavaScript	serverless functions tinkering
netlify-functions-example	https://github.com/modster/netlify-functions-example	0	HTML	
netlify-next-mdx	https://github.com/modster/netlify-next-mdx	0	JavaScript	netlify-next-mdx
netlify-websocket	https://github.com/modster/netlify-websocket	0	HTML	An example of a static site serving up dynamic content via websocket. Javascript runs client-side.
next-13-moon	https://github.com/modster/next-13-moon	0	JavaScript	
next-auth	https://github.com/modster/next-auth	0	N/A	
next-js-blog-with-comments	https://github.com/modster/next-js-blog-with-comments	0	JavaScript	
next-js-landing-pages	https://github.com/modster/next-js-landing-pages	0	JavaScript	
next-netlify-blog-starter	https://github.com/modster/next-netlify-blog-starter	0	JavaScript	
next-netlify-starter	https://github.com/modster/next-netlify-starter	0	JavaScript	
next-prisma-starter	https://github.com/modster/next-prisma-starter	0	N/A	🚀 tRPC starter repo with E2E-testing
next-three-fibre-stars	https://github.com/modster/next-three-fibre-stars	0	JavaScript	Fold react-three-fibre-stars template into nextjs 
next-threejs-fibre-template	https://github.com/modster/next-threejs-fibre-template	0	JavaScript	
next.js	https://github.com/modster/next.js	0	N/A	The React Framework
nextjs-13-app	https://github.com/modster/nextjs-13-app	0	TypeScript	
nextjs-api	https://github.com/modster/nextjs-api	0	JavaScript	
nextjs-api-cors	https://github.com/modster/nextjs-api-cors	0	JavaScript	
nextjs-blog-cms-sanity-v3	https://github.com/modster/nextjs-blog-cms-sanity-v3	0	TypeScript	
nextjs-commerce	https://github.com/modster/nextjs-commerce	0	TypeScript	
nextjs-frontend-for-wordpress	https://github.com/modster/nextjs-frontend-for-wordpress	0	JavaScript	
nextjs-github-pages	https://github.com/modster/nextjs-github-pages	0	HTML	
nextjs-github-pages-template	https://github.com/modster/nextjs-github-pages-template	0	HTML	Nextjs Github Pages Template
nextjs-middleware	https://github.com/modster/nextjs-middleware	0	JavaScript	
nextjs-planetscale-starter	https://github.com/modster/nextjs-planetscale-starter	0	TypeScript	
nextjs-r3f-lwcharts	https://github.com/modster/nextjs-r3f-lwcharts	0	CSS	
nextjs-react-query-example	https://github.com/modster/nextjs-react-query-example	0	JavaScript	Created with CodeSandbox
nextjs-remark-gh-page	https://github.com/modster/nextjs-remark-gh-page	0	JavaScript	Nextjs Remark GH-Page
nextjs-starter	https://github.com/modster/nextjs-starter	0	JavaScript	In this tutorial, you learn to deploy a Next.js generated static website to Azure Static Web Apps. To begin, you learn to set up, configure, and deploy a Next.js app. During this process, you also learn to deal with common challenges often faced when generating static pages with Next.js
nextjs-static-export-template	https://github.com/modster/nextjs-static-export-template	0	JavaScript	Push to deploy Nextjs/React app to Github Pages with custom Github Action runner.
nextjs-sveltekit-edge	https://github.com/modster/nextjs-sveltekit-edge	0	Svelte	
nextjs-test	https://github.com/modster/nextjs-test	0	JavaScript	
nextjs-threejs-gh-pages	https://github.com/modster/nextjs-threejs-gh-pages	0	HTML	Nextjs Github Pages Template
nft-kiosk	https://github.com/modster/nft-kiosk	0	N/A	
ng-3	https://github.com/modster/ng-3	0	TypeScript	
nitro-app	https://github.com/modster/nitro-app	0	TypeScript	
no-build-r3f-react	https://github.com/modster/no-build-r3f-react	0	JavaScript	A github pages site made with @react-three/fiber and vanilla js.
node	https://github.com/modster/node	0	N/A	Node.js JavaScript runtime :sparkles::turtle::rocket::sparkles:
node-binance-api	https://github.com/modster/node-binance-api	0	JavaScript	Node Binance API is an asynchronous node.js library for the Binance API designed to be easy to use.
node-bootstrap-gh-pages	https://github.com/modster/node-bootstrap-gh-pages	0	HTML	node-bootstrap-gh-pages
not-main	https://github.com/modster/not-main	0	CSS	
notebook-kit-template	https://github.com/modster/notebook-kit-template	0	N/A	A command-line tool for building static sites from Observable Notebooks
notebook-runtime	https://github.com/modster/notebook-runtime	0	JavaScript	The reactive runtime for Observable notebooks.
notes-nuxt-doc-driven	https://github.com/modster/notes-nuxt-doc-driven	0	Vue	
notion-chatbot	https://github.com/modster/notion-chatbot	1	Python	Notion plug in
npm-package-template	https://github.com/modster/npm-package-template	0	JavaScript	npm-package-template
npm-package-template.	https://github.com/modster/npm-package-template.	0	JavaScript	npm-package-template.
npm-vite-pwa	https://github.com/modster/npm-vite-pwa	0	HTML	
nuxt-api-party	https://github.com/modster/nuxt-api-party	0	TypeScript	nuxt-api-party
nuxt-starter-3uavqd	https://github.com/modster/nuxt-starter-3uavqd	0	Vue	Created with StackBlitz ⚡️
nuxt-starter-crhpap	https://github.com/modster/nuxt-starter-crhpap	0	TypeScript	Created with StackBlitz ⚡️
nuxt-themes-starter	https://github.com/modster/nuxt-themes-starter	0	TypeScript	
nuxt-tradingview	https://github.com/modster/nuxt-tradingview	0	TypeScript	
Nuxt-Tradingview-LWCharts	https://github.com/modster/Nuxt-Tradingview-LWCharts	0	TypeScript	Tradingview's LightWeight Charts deployed on Nuxt starter.
nuxt-vite-lw-charts	https://github.com/modster/nuxt-vite-lw-charts	0	Vue	Created with StackBlitz ⚡️
nuxt-wind	https://github.com/modster/nuxt-wind	0	TypeScript	
nuxt3-awesome-starter	https://github.com/modster/nuxt3-awesome-starter	0	Vue	Kitchen sink config!
nuxt3-template	https://github.com/modster/nuxt3-template	0	TypeScript	Created with StackBlitz ⚡️
nuxtjs	https://github.com/modster/nuxtjs	0	Vue	
nwjs	https://github.com/modster/nwjs	0	HTML	Can I use this template in NWJS? We'll soon find out.
obj-loader-template	https://github.com/modster/obj-loader-template	0	HTML	Created with CodeSandbox
obj-react-threejs	https://github.com/modster/obj-react-threejs	0	N/A	Created with CodeSandbox
observable-plot-react	https://github.com/modster/observable-plot-react	0	JavaScript	Created with CodeSandbox
observable-plugin	https://github.com/modster/observable-plugin	1	TypeScript	Obsidian Plug In Template
observablehq-framework	https://github.com/modster/observablehq-framework	0	JavaScript	
obsidian	https://github.com/modster/obsidian	0	N/A	
obsidian-plugin	https://github.com/modster/obsidian-plugin	0	TypeScript	
obsidian-plugin-template	https://github.com/modster/obsidian-plugin-template	0	TypeScript	
obsidian-svelte	https://github.com/modster/obsidian-svelte	0	N/A	A Svelte component library for Obsidian. Experimental.
oc	https://github.com/modster/oc	0	N/A	
octo-enigma	https://github.com/modster/octo-enigma	2	TypeScript	Great repository names are short and memorable.
octokit.js	https://github.com/modster/octokit.js	0	N/A	The all-batteries-included GitHub SDK for Browsers, Node.js, and Deno.
ogl-demo	https://github.com/modster/ogl-demo	0	N/A	Created with CodeSandbox
ogl-fiber	https://github.com/modster/ogl-fiber	1	JavaScript	Created with CodeSandbox
ogl-polar-coords	https://github.com/modster/ogl-polar-coords	0	HTML	Drawing a star with shaders and polar coordinates.
ogl-shader-template	https://github.com/modster/ogl-shader-template	0	HTML	A minimalist's template for making shaders.
ogpu	https://github.com/modster/ogpu	1	N/A	Minimal WebGPU Library
ohq-framework	https://github.com/modster/ohq-framework	0	JavaScript	
okthisisit	https://github.com/modster/okthisisit	0	N/A	My son's 1st Unity game
old-github-page	https://github.com/modster/old-github-page	0	Ruby	The github pages profile of Michael Eric Greeff
onboardbase-vite	https://github.com/modster/onboardbase-vite	0	N/A	onboardbase-vite
one-click-hugo	https://github.com/modster/one-click-hugo	1	N/A	
one-click-hugo-cms	https://github.com/modster/one-click-hugo-cms	0	CSS	
open-ai-plugin	https://github.com/modster/open-ai-plugin	0	Python	
openclaw	https://github.com/modster/openclaw	0	TypeScript	Landing pages for GCP Oauth app
openface_mass_compare	https://github.com/modster/openface_mass_compare	0	Python	An openface script that runs a REST server. Posted images are compared against a large dataset, and the most likely match is returned. Works with https://hub.docker.com/r/uoacer/openface-mass-compare/
oss-analytics	https://github.com/modster/oss-analytics	0	N/A	Open-source analytics by observablehq.com
oz-cli	https://github.com/modster/oz-cli	0	JavaScript	openzepplin cli getting started tute
paganaye-babylonjs-vite-boiler	https://github.com/modster/paganaye-babylonjs-vite-boiler	0	TypeScript	This is a minimalist boilerplate for development with BabylonJS, Typescript, Vite, and it is deployed with an Actions workflow to GitHub Pages.
parser	https://github.com/modster/parser	0	N/A	The Observable parser.
pepes	https://github.com/modster/pepes	0	Vue	
perspective-web-component	https://github.com/modster/perspective-web-component	0	TypeScript	
pet-shop-tutorial	https://github.com/modster/pet-shop-tutorial	0	JavaScript	Truffle, Metamask tutorial
pi-gen	https://github.com/modster/pi-gen	1	N/A	Tool used to create the official Raspberry Pi OS images
pic-picker	https://github.com/modster/pic-picker	0	TypeScript	
picpic	https://github.com/modster/picpic	0	CSS	HTML, TS, CSS host it on Deno Deploy or Gh-Pages.
pike-kv	https://github.com/modster/pike-kv	0	TypeScript	
pinata	https://github.com/modster/pinata	0	TypeScript	
Pinescripts	https://github.com/modster/Pinescripts	1	JavaScript	Some PineScripts to use with a LeoBot
pixi-hotwire	https://github.com/modster/pixi-hotwire	1	JavaScript	
pixijs	https://github.com/modster/pixijs	0	N/A	The HTML5 Creation Engine: Create beautiful digital content with the fastest, most flexible 2D WebGL renderer.
pixijs-shaders	https://github.com/modster/pixijs-shaders	1	JavaScript	
pixijs-spiral	https://github.com/modster/pixijs-spiral	1	HTML	
pixijs-stars	https://github.com/modster/pixijs-stars	0	JavaScript	
pixijs-uniforms	https://github.com/modster/pixijs-uniforms	0	JavaScript	
pixijs-vite-shader	https://github.com/modster/pixijs-vite-shader	0	JavaScript	⚡️ Created with Pixi.js, Vite, and StackBlitz. A template for making custom filters and/or shaders. ⚡️
pixijs-webgl-uniforms	https://github.com/modster/pixijs-webgl-uniforms	0	JavaScript	⚡️A template for making custom filters and/or shaders. Created with Pixi.js, Vite, and StackBlitz.
plainjs-lj7rjxan	https://github.com/modster/plainjs-lj7rjxan	0	JavaScript	Created with WebComponents.dev
plane-notify	https://github.com/modster/plane-notify	0	N/A	Notify If a selected plane has taken off or landed using OpenSky or ADS-B Exchange data. Compares older data to newer data to determine if a landing or takeoff has occurred. As well as nav modes, emergency squawk and resolution advisory notifications. Can output to Twitter, Discord, and Pushbullet 
polygon	https://github.com/modster/polygon	0	JavaScript	
polygon-0	https://github.com/modster/polygon-0	0	TypeScript	
polymer	https://github.com/modster/polymer	0	JavaScript	
posh-snail-89	https://github.com/modster/posh-snail-89	0	TypeScript	
postprocess-vanilla	https://github.com/modster/postprocess-vanilla	0	N/A	Created with CodeSandbox
postprocessing	https://github.com/modster/postprocessing	0	JavaScript	
ppbanana	https://github.com/modster/ppbanana	0	HTML	
praw	https://github.com/modster/praw	1	Python	PRAW, an acronym for "Python Reddit API Wrapper", is a python package that allows for simple access to Reddit's API.
preact	https://github.com/modster/preact	0	JavaScript	
preact-netlify-starter	https://github.com/modster/preact-netlify-starter	0	N/A	
preact-one-pager	https://github.com/modster/preact-one-pager	0	HTML	
prettier-config	https://github.com/modster/prettier-config	0	N/A	My personal Prettier configuration
prime-nft	https://github.com/modster/prime-nft	0	TypeScript	
prodigygamer9000	https://github.com/modster/prodigygamer9000	0	N/A	A playground for leo
prototyping-react-webgl-app	https://github.com/modster/prototyping-react-webgl-app	0	JavaScript	prototyping-react-webgl-app
proud-parallax	https://github.com/modster/proud-parallax	0	Astro	
purple-plasma	https://github.com/modster/purple-plasma	0	Astro	
pwa-starter	https://github.com/modster/pwa-starter	0	TypeScript	
pyalgotrade-sentiment	https://github.com/modster/pyalgotrade-sentiment	0	N/A	
pybookmarks	https://github.com/modster/pybookmarks	0	Python	A simple python script that uses beautifulsoup to tidy up a bookmarks.html file exported from Chrome browser.
pyfolio	https://github.com/modster/pyfolio	0	Jupyter Notebook	Portfolio and risk analytics in Python
pyreader	https://github.com/modster/pyreader	0	N/A	An open source python app for browsing and posting to Reddit. 
pyro-tech	https://github.com/modster/pyro-tech	0	Vue	
python-automation-scripts	https://github.com/modster/python-automation-scripts	0	Python	Simple yet powerful automation stuffs.
python-binance	https://github.com/modster/python-binance	0	Python	Binance API python implementation
python-forecast.io	https://github.com/modster/python-forecast.io	0	N/A	A thin Python Wrapper for the Dark Sky (formerly forecast.io) weather API
python-jsonrpc-server-feedstock	https://github.com/modster/python-jsonrpc-server-feedstock	1	Shell	A conda-smithy repository for python-jsonrpc-server.
quasar-extension-examples	https://github.com/modster/quasar-extension-examples	0	N/A	Examples of basic Quasar App Extensions
quasar-project	https://github.com/modster/quasar-project	0	JavaScript	
quasarframework-mgprgq	https://github.com/modster/quasarframework-mgprgq	0	JavaScript	Created with StackBlitz ⚡️
quasarframework-miij3m	https://github.com/modster/quasarframework-miij3m	0	JavaScript	Created with StackBlitz ⚡️
qwick-recharts	https://github.com/modster/qwick-recharts	0	TypeScript	
qwik-starter	https://github.com/modster/qwik-starter	0	TypeScript	Created with StackBlitz ⚡️
qwik-starter-7yxtzc	https://github.com/modster/qwik-starter-7yxtzc	0	TypeScript	Created with StackBlitz ⚡️
qwik-starter-hvqmfp	https://github.com/modster/qwik-starter-hvqmfp	0	TypeScript	Created with StackBlitz ⚡️
r3f-basic-animation	https://github.com/modster/r3f-basic-animation	0	HTML	Created with CodeSandbox
r3f-chart	https://github.com/modster/r3f-chart	0	CSS	
r3f-cloud	https://github.com/modster/r3f-cloud	0	JavaScript	Created with CodeSandbox
r3f-clouds	https://github.com/modster/r3f-clouds	0	JavaScript	Created with CodeSandbox
r3f-drei-stars-earth	https://github.com/modster/r3f-drei-stars-earth	0	JavaScript	
r3f-flexbox-yoga	https://github.com/modster/r3f-flexbox-yoga	0	JavaScript	Created with CodeSandbox
r3f-gatsby-drei-stars	https://github.com/modster/r3f-gatsby-drei-stars	0	JavaScript	Created with CodeSandbox
r3f-globe	https://github.com/modster/r3f-globe	0	TypeScript	
r3f-gltfs	https://github.com/modster/r3f-gltfs	0	JavaScript	Created with CodeSandbox
r3f-HTML-Markers	https://github.com/modster/r3f-HTML-Markers	0	JavaScript	Created with CodeSandbox
r3f-lamina	https://github.com/modster/r3f-lamina	0	JavaScript	Created with CodeSandbox
r3f-mini	https://github.com/modster/r3f-mini	0	HTML	Created with CodeSandbox
r3f-next-greeffer	https://github.com/modster/r3f-next-greeffer	0	N/A	Statrfield background
r3f-nextjs-js	https://github.com/modster/r3f-nextjs-js	0	JavaScript	
r3f-ogl	https://github.com/modster/r3f-ogl	0	HTML	Created with CodeSandbox
r3f-router-transition	https://github.com/modster/r3f-router-transition	0	JavaScript	Created with CodeSandbox
r3f-sanity-nextjs	https://github.com/modster/r3f-sanity-nextjs	0	TypeScript	
r3f-skybox	https://github.com/modster/r3f-skybox	0	JavaScript	Created with CodeSandbox
r3f-sparks-and-effects	https://github.com/modster/r3f-sparks-and-effects	0	JavaScript	Created with CodeSandbox
r3f-stars	https://github.com/modster/r3f-stars	0	JavaScript	Created with CodeSandbox
r3f-storybook	https://github.com/modster/r3f-storybook	0	JavaScript	
r3f-theatrejs	https://github.com/modster/r3f-theatrejs	0	CSS	Created with StackBlitz ⚡️
r3f-useRef	https://github.com/modster/r3f-useRef	0	N/A	Created with CodeSandbox
r3f-ws	https://github.com/modster/r3f-ws	1	HTML	Created with CodeSandbox
radix-ui-workspace	https://github.com/modster/radix-ui-workspace	0	CSS	
rawgithack	https://github.com/modster/rawgithack	0	N/A	Serves files from github, bitbucket and gitlab, but with the correct content types
react-builderio-integration	https://github.com/modster/react-builderio-integration	0	N/A	Created with CodeSandbox
react-chart-component	https://github.com/modster/react-chart-component	0	JavaScript	WIP
react-charts	https://github.com/modster/react-charts	0	TypeScript	Created with CodeSandbox
react-component-shader	https://github.com/modster/react-component-shader	0	N/A	React Component Shader
react-d3-example	https://github.com/modster/react-d3-example	0	N/A	Created with CodeSandbox
react-d3-observable	https://github.com/modster/react-d3-observable	1	JavaScript	
react-ddd	https://github.com/modster/react-ddd	0	N/A	Created with CodeSandbox
react-lite	https://github.com/modster/react-lite	0	JavaScript	Created with StackBlitz ⚡️
react-meshline	https://github.com/modster/react-meshline	0	CSS	
react-minimal-template	https://github.com/modster/react-minimal-template	0	JavaScript	
react-observeable	https://github.com/modster/react-observeable	0	HTML	
react-ogl	https://github.com/modster/react-ogl	1	TypeScript	🦴 A barebones react renderer for ogl.
react-ogl-vite	https://github.com/modster/react-ogl-vite	0	CSS	
react-parcel-component	https://github.com/modster/react-parcel-component	0	HTML	
react-parcel-starter	https://github.com/modster/react-parcel-starter	0	N/A	This is a minimal React starter project. Only React and React DOM have been installed. Parcel is used for bundling.
react-plotly-chart	https://github.com/modster/react-plotly-chart	0	N/A	
react-r3f-ws	https://github.com/modster/react-r3f-ws	0	HTML	Created with CodeSandbox
react-roter-vite	https://github.com/modster/react-roter-vite	0	TypeScript	
react-router-htmx	https://github.com/modster/react-router-htmx	0	TypeScript	Created with StackBlitz ⚡️
react-router-notes	https://github.com/modster/react-router-notes	0	JavaScript	Created with StackBlitz ⚡️
react-router-route-objects	https://github.com/modster/react-router-route-objects	0	TypeScript	Created with StackBlitz ⚡️
react-shadertoy	https://github.com/modster/react-shadertoy	0	JavaScript	Created with CodeSandbox
react-svg-renderer	https://github.com/modster/react-svg-renderer	0	HTML	Created with CodeSandbox
react-three-ddd	https://github.com/modster/react-three-ddd	0	JavaScript	Created with CodeSandbox
react-three-face-tracking	https://github.com/modster/react-three-face-tracking	0	TypeScript	
react-three-fiber-effects	https://github.com/modster/react-three-fiber-effects	0	N/A	Created with CodeSandbox
react-three-fibre-stars	https://github.com/modster/react-three-fibre-stars	2	JavaScript	Starfield made with React, React-Fiber, Three.js, output to Github Page
react-three-fibre-stateful-entities	https://github.com/modster/react-three-fibre-stateful-entities	0	N/A	Created with CodeSandbox
react-three-flex	https://github.com/modster/react-three-flex	0	N/A	💪📦  Flexbox for react-three-fiber
react-three-next	https://github.com/modster/react-three-next	0	JavaScript	React Three Fiber, Nextjs, Tailwind and Styled-components starter
react-useExternalStore-example	https://github.com/modster/react-useExternalStore-example	0	JavaScript	Created with CodeSandbox
react-vanilla-js	https://github.com/modster/react-vanilla-js	0	HTML	
react-vite-deno	https://github.com/modster/react-vite-deno	0	TypeScript	
react-xr	https://github.com/modster/react-xr	0	N/A	🤳 VR/AR with react-three-fiber
reactcharts	https://github.com/modster/reactcharts	0	N/A	Example using React-Chartjs-2
reactflow-sandbox	https://github.com/modster/reactflow-sandbox	0	TypeScript	Created with CodeSandbox
reddit-modster	https://github.com/modster/reddit-modster	0	N/A	reddit-modster
remotion-dev-template	https://github.com/modster/remotion-dev-template	0	TypeScript	Created with StackBlitz ⚡️
repopages	https://github.com/modster/repopages	0	HTML	
request.js	https://github.com/modster/request.js	0	N/A	Send parameterized requests to GitHub’s APIs with sensible defaults in browsers and Node
rest-api-oak	https://github.com/modster/rest-api-oak	0	TypeScript	
resume	https://github.com/modster/resume	0	JavaScript	
rollup-web	https://github.com/modster/rollup-web	0	JavaScript	
root	https://github.com/modster/root	0	TypeScript	
rust-vscode	https://github.com/modster/rust-vscode	0	Dockerfile	
rxjs-d2vlaj	https://github.com/modster/rxjs-d2vlaj	0	HTML	Created with StackBlitz ⚡️
saas-kit	https://github.com/modster/saas-kit	0	N/A	
saaskit	https://github.com/modster/saaskit	0	N/A	A modern SaaS template built on Fresh.
sampleproject	https://github.com/modster/sampleproject	0	Python	A sample project that exists for PyPUG's "Tutorial on Packaging and Distributing Projects"
samples	https://github.com/modster/samples	0	HTML	A repo containing samples tied to new functionality in each release of Google Chrome.
sanity-emgreeff-next-js	https://github.com/modster/sanity-emgreeff-next-js	0	JavaScript	Created with CodeSandbox
sanity-frontend-vanillajs	https://github.com/modster/sanity-frontend-vanillajs	0	JavaScript	Created with CodeSandbox
sanity-next-mdx	https://github.com/modster/sanity-next-mdx	0	N/A	
sanity-nextjs-starter	https://github.com/modster/sanity-nextjs-starter	0	JavaScript	Created with CodeSandbox
sanity-studio	https://github.com/modster/sanity-studio	0	JavaScript	
sanity-template-nextjs-blog	https://github.com/modster/sanity-template-nextjs-blog	0	JavaScript	sanity-template-nextjs-blog
sanity-vanillajs-starter	https://github.com/modster/sanity-vanillajs-starter	0	HTML	Created with CodeSandbox
scalping-strategy	https://github.com/modster/scalping-strategy	5	N/A	This strategy is designed to buy the dips, takes occasional profits, and keep a trailing stop all the way up.  Donchian channels, Bollinger Bands, and Exponential Moving Averages are the technical indicators used.
selective-bloom	https://github.com/modster/selective-bloom	0	JavaScript	Created with CodeSandbox
selenium-example	https://github.com/modster/selenium-example	0	JavaScript	
server	https://github.com/modster/server	0	JavaScript	Apollo server installed inside next-three-fibre-stars directory
serverless-api	https://github.com/modster/serverless-api	0	TypeScript	
shadcn	https://github.com/modster/shadcn	0	TypeScript	
shadertoy	https://github.com/modster/shadertoy	0	JavaScript	
shadertoy-polar-coordinates	https://github.com/modster/shadertoy-polar-coordinates	0	JavaScript	A simple shader that demonstrates the use of polar coordinates.  Deploys to GitHub Pages when pushed to the main branch.
shadertoy-template	https://github.com/modster/shadertoy-template	1	JavaScript	This repo is a template for rendering your shadetoy projects in a browser. Deploy to Github Pages by pushing to gh-pages branch.
SharkFinOgarUL	https://github.com/modster/SharkFinOgarUL	0	JavaScript	
sharp	https://github.com/modster/sharp	0	N/A	High performance Node.js image processing, the fastest module to resize JPEG, PNG, WebP, AVIF and TIFF images. Uses the libvips library.
sharp-framework-lkfw7q	https://github.com/modster/sharp-framework-lkfw7q	0	Astro	Created with CodeSandbox
shopping-cart-demo	https://github.com/modster/shopping-cart-demo	0	N/A	Demo shopping website that uses blockonomics payments API
simpleHttpServer	https://github.com/modster/simpleHttpServer	0	Python	Simple HTTP Server is a learning project about HTTP Protocol and how server is handling requests.
simple_api_server	https://github.com/modster/simple_api_server	1	N/A	A simple API server demo for the Deno docs
skeleton	https://github.com/modster/skeleton	0	HTML	Skeleton is a scaffold for an app made with HTML, CSS, JavaScript, and deployed to Netlify with Git.
skeleton-app	https://github.com/modster/skeleton-app	0	HTML	
skeleton-barebones	https://github.com/modster/skeleton-barebones	0	Svelte	
skeleton-plus-tailwindui	https://github.com/modster/skeleton-plus-tailwindui	0	JavaScript	
skills-integrate-mcp-with-copilot	https://github.com/modster/skills-integrate-mcp-with-copilot	0	JavaScript	Exercise: Integrate Model Context Protocol with GitHub Copilot
slidev-2wcoma	https://github.com/modster/slidev-2wcoma	0	Vue	Created with StackBlitz ⚡️
slidev-gdfyox	https://github.com/modster/slidev-gdfyox	0	Vue	Created with StackBlitz ⚡️
slidev-sywrmy	https://github.com/modster/slidev-sywrmy	0	Vue	Created with StackBlitz ⚡️
smol-developer	https://github.com/modster/smol-developer	0	HTML	
smoll-server	https://github.com/modster/smoll-server	0	JavaScript	
snip-it-server	https://github.com/modster/snip-it-server	0	HTML	Created with StackBlitz ⚡️
sniper	https://github.com/modster/sniper	0	JavaScript	
SnippetServerReference	https://github.com/modster/SnippetServerReference	1	JavaScript	Deno deploy simple-api + Babylonjs Snippet Server = Public Domain Snippet Server
soketio-webpack	https://github.com/modster/soketio-webpack	0	JavaScript	
sour-sheep-80	https://github.com/modster/sour-sheep-80	0	TypeScript	
SpaceFighterTute	https://github.com/modster/SpaceFighterTute	0	C#	A unity tutorial by https://www.gamedevelopment.blog/unity-2d-game-tutorial-2019-bullets/
SpaceShooter	https://github.com/modster/SpaceShooter	0	N/A	Space Shooter - Unity 2d framework tutorial
spline-3d-text	https://github.com/modster/spline-3d-text	0	HTML	Created with CodeSandbox
spline-animated-texture-smokey	https://github.com/modster/spline-animated-texture-smokey	0	N/A	Spline experiments
Spoon-Knife-Fork	https://github.com/modster/Spoon-Knife-Fork	0	HTML	This repo is for demonstration purposes only.
src	https://github.com/modster/src	0	Astro	
stackblitz-codeflow-beta	https://github.com/modster/stackblitz-codeflow-beta	0	Vue	Created with StackBlitz ⚡️
stackblitz-starters-ovbgct	https://github.com/modster/stackblitz-starters-ovbgct	0	Vue	Created with StackBlitz ⚡️
stackblitz-theaterjs	https://github.com/modster/stackblitz-theaterjs	0	CSS	Created with StackBlitz ⚡️
stackblitz-webcontainer-api-starter	https://github.com/modster/stackblitz-webcontainer-api-starter	0	JavaScript	Created with StackBlitz ⚡️
stackblitz-webcontainer-api-starter-53pkac	https://github.com/modster/stackblitz-webcontainer-api-starter-53pkac	0	JavaScript	Created with StackBlitz ⚡️
stackblitz-webcontainer-api-starter-dbzbdg	https://github.com/modster/stackblitz-webcontainer-api-starter-dbzbdg	0	JavaScript	Created with StackBlitz ⚡️
stackblitz-webcontainer-api-starter-ktvyq2	https://github.com/modster/stackblitz-webcontainer-api-starter-ktvyq2	0	JavaScript	Created with StackBlitz ⚡️
stackblitz-webcontainer-api-starter-t2ydhe	https://github.com/modster/stackblitz-webcontainer-api-starter-t2ydhe	0	JavaScript	Created with StackBlitz ⚡️
stackblitz-webcontainer-api-starter-xuc3im	https://github.com/modster/stackblitz-webcontainer-api-starter-xuc3im	0	JavaScript	Created with StackBlitz ⚡️
stackblitz-webcontainer-starter	https://github.com/modster/stackblitz-webcontainer-starter	0	JavaScript	Created with StackBlitz ⚡️
starter-workflows	https://github.com/modster/starter-workflows	0	N/A	Accelerating new GitHub Actions workflows 
static_electricity	https://github.com/modster/static_electricity	0	N/A	A theme for a mostly static blog with pages that can be updated by a JSON feed, or trigger events, update themselves, post to twitter, etc. Maybe I'll put some of my drawrings here too.
stencil-app	https://github.com/modster/stencil-app	0	TypeScript	Create a new repository from stencil-community/stencil-app-starter.
steno	https://github.com/modster/steno	0	N/A	Specialized fast async file writer
storybook-vite-svelte	https://github.com/modster/storybook-vite-svelte	0	HTML	Created with StackBlitz ⚡️
streamlit-d3-demo	https://github.com/modster/streamlit-d3-demo	0	N/A	D3 in React in Streamlit tech demo
streams	https://github.com/modster/streams	0	JavaScript	Experimenting with the Streams spec
stuffs	https://github.com/modster/stuffs	1	N/A	Babylonjs Model Viewer for GitHub Pages 
stupefied-lalande-n8dvwh	https://github.com/modster/stupefied-lalande-n8dvwh	0	HTML	Created with CodeSandbox
sublime-html5-boilerplate	https://github.com/modster/sublime-html5-boilerplate	1	N/A	Sublime Text 2/3 snippet to generate HTML5 boilerplate
supabase	https://github.com/modster/supabase	0	TypeScript	The open source Firebase alternative. Follow to stay updated about our public Beta.
supabase-template-python	https://github.com/modster/supabase-template-python	0	N/A	Flask + Python app starter template for FL0
supreme-adventure	https://github.com/modster/supreme-adventure	0	EJS	 2percentsilk/haikus-for-codespaces
suzanne-gltf-to-jsx	https://github.com/modster/suzanne-gltf-to-jsx	0	JavaScript	
suzanne2	https://github.com/modster/suzanne2	0	JavaScript	
svelte	https://github.com/modster/svelte	0	JavaScript	
svelte-3d	https://github.com/modster/svelte-3d	0	Svelte	🔥 Introduction to 3D with Svelte
svelte-deno-svelte	https://github.com/modster/svelte-deno-svelte	0	TypeScript	
svelte-electron	https://github.com/modster/svelte-electron	0	TypeScript	svelte-electron
svelte-gui	https://github.com/modster/svelte-gui	0	N/A	🔥 Svelte GUI controls
svelte-kit-dev	https://github.com/modster/svelte-kit-dev	0	JavaScript	
svelte-pic-picker	https://github.com/modster/svelte-pic-picker	0	TypeScript	
svelte-template	https://github.com/modster/svelte-template	0	JavaScript	svelte-template
svelte-threlte	https://github.com/modster/svelte-threlte	0	JavaScript	
svelte-threlte-rapier-simplex-noise	https://github.com/modster/svelte-threlte-rapier-simplex-noise	0	TypeScript	Created with StackBlitz ⚡️
svelte-vite-featherweight-template	https://github.com/modster/svelte-vite-featherweight-template	0	Svelte	
sveltecso-lj7rf644	https://github.com/modster/sveltecso-lj7rf644	1	N/A	Created with Components.studio
sveltejs-kit-template-default-6zx9ki	https://github.com/modster/sveltejs-kit-template-default-6zx9ki	0	Svelte	Created with StackBlitz ⚡️
sveltejs-kit-template-default-t4x3k3	https://github.com/modster/sveltejs-kit-template-default-t4x3k3	0	Svelte	Created with StackBlitz ⚡️
sveltekit-3d	https://github.com/modster/sveltekit-3d	0	Svelte	Created with StackBlitz ⚡️
sveltekit-cloudflare-tutorial	https://github.com/modster/sveltekit-cloudflare-tutorial	0	TypeScript	Sveltekit deployed to Cloudflare Pages from GitHub repository.
sveltekit-on-vercel	https://github.com/modster/sveltekit-on-vercel	0	JavaScript	
sveltekit-yunu8r	https://github.com/modster/sveltekit-yunu8r	0	Svelte	Created with StackBlitz ⚡️
sveltekit-z5atgi	https://github.com/modster/sveltekit-z5atgi	0	HTML	Created with StackBlitz ⚡️
svg-lib	https://github.com/modster/svg-lib	0	JavaScript	
svg-react-three	https://github.com/modster/svg-react-three	0	N/A	Created with CodeSandbox
swc	https://github.com/modster/swc	0	N/A	Rust-based platform for the Web
tablesorter	https://github.com/modster/tablesorter	0	JavaScript	Github fork of Christian Bach's tablesorter plugin + awesomeness ~
tanstack-auto-refetch	https://github.com/modster/tanstack-auto-refetch	0	JavaScript	Created with CodeSandbox
tanstack-charts	https://github.com/modster/tanstack-charts	0	TypeScript	Created with CodeSandbox
tanstack-npm-vite-ts	https://github.com/modster/tanstack-npm-vite-ts	0	CSS	
tanstack-query	https://github.com/modster/tanstack-query	0	N/A	🤖 Powerful asynchronous state management, server-state utilities and data fetching for the web. TS/JS, React Query, Solid Query, Svelte Query and Vue Query.
tanstack-table	https://github.com/modster/tanstack-table	0	TypeScript	Created with CodeSandbox
tanstack-tables	https://github.com/modster/tanstack-tables	0	N/A	🤖 Headless UI for building powerful tables & datagrids for TS/JS -  React-Table, Vue-Table, Solid-Table, Svelte-Table
taskbox	https://github.com/modster/taskbox	0	JavaScript	
template	https://github.com/modster/template	0	TypeScript	
template-assembly-script	https://github.com/modster/template-assembly-script	0	JavaScript	Created with Components.studio
template-nodejs	https://github.com/modster/template-nodejs	0	N/A	Node.js + Express app starter template for FL0
tensorflow	https://github.com/modster/tensorflow	0	R	TensorFlow for R
tensorflow-codelab	https://github.com/modster/tensorflow-codelab	0	N/A	
Tensorflowjs	https://github.com/modster/Tensorflowjs	0	JavaScript	From a Tensorflow.js Google codelab
the-super-tiny-compiler	https://github.com/modster/the-super-tiny-compiler	0	N/A	:snowman: Possibly the smallest compiler ever
theaterjs-vite-ts	https://github.com/modster/theaterjs-vite-ts	0	CSS	Created with StackBlitz ⚡️
theatrejs-react-three-fiber	https://github.com/modster/theatrejs-react-three-fiber	0	CSS	Created with StackBlitz ⚡️
theatrejs-vite-three	https://github.com/modster/theatrejs-vite-three	0	CSS	
theatric	https://github.com/modster/theatric	0	JavaScript	Created with CodeSandbox
three-angular	https://github.com/modster/three-angular	0	HTML	
three-fiber	https://github.com/modster/three-fiber	0	HTML	
three-fibre-template-0	https://github.com/modster/three-fibre-template-0	0	HTML	Created with CodeSandbox
three-js	https://github.com/modster/three-js	0	JavaScript	
three-js-start	https://github.com/modster/three-js-start	0	TypeScript	Created with StackBlitz ⚡️
THREE-MeshLine	https://github.com/modster/THREE-MeshLine	0	N/A	Mesh replacement for THREE.Line
three-pporocess-react	https://github.com/modster/three-pporocess-react	0	TypeScript	Created with StackBlitz ⚡️
three-react-html-slider	https://github.com/modster/three-react-html-slider	0	N/A	Created with CodeSandbox
three-replit	https://github.com/modster/three-replit	0	JavaScript	
three-template	https://github.com/modster/three-template	1	JavaScript	
three.js	https://github.com/modster/three.js	0	N/A	JavaScript 3D Library.
threejs-drawing-lines	https://github.com/modster/threejs-drawing-lines	1	JavaScript	Let's say you want to draw a line or a circle, not a wireframe Mesh. 
threejs-react-grass-shader	https://github.com/modster/threejs-react-grass-shader	1	JavaScript	Created with CodeSandbox
threejs-scroll-animation-demo	https://github.com/modster/threejs-scroll-animation-demo	0	N/A	3D Scrolling Portfolio Website with Three.js
threejs-x-theatrejs	https://github.com/modster/threejs-x-theatrejs	0	TypeScript	
threlte	https://github.com/modster/threlte	0	JavaScript	
threlte-theatrejs	https://github.com/modster/threlte-theatrejs	0	CSS	Created with StackBlitz ⚡️
tpot	https://github.com/modster/tpot	0	Python	A Python Automated Machine Learning tool that optimizes machine learning pipelines using genetic programming.
tpot-kaggle	https://github.com/modster/tpot-kaggle	0	Jupyter Notebook	tpot applications on kaggle datasets
trading-vue-101	https://github.com/modster/trading-vue-101	0	JavaScript	Example project form 'Getting Started' guide
trading-vue-js	https://github.com/modster/trading-vue-js	0	N/A	💹  Hackable charting lib for traders. You can draw literally ANYTHING on top of candlestick charts. [Not Maintained]
tree-vue	https://github.com/modster/tree-vue	0	N/A	Created with CodeSandbox
tresjs-basic	https://github.com/modster/tresjs-basic	1	Vue	Created with StackBlitz ⚡️
triple-ema-crossover	https://github.com/modster/triple-ema-crossover	0	N/A	
triple-x	https://github.com/modster/triple-x	0	TypeScript	
trpc-server-client-websockets	https://github.com/modster/trpc-server-client-websockets	0	TypeScript	Created with StackBlitz ⚡️
truffle-drizzle	https://github.com/modster/truffle-drizzle	0	N/A	
tvjs-overlays	https://github.com/modster/tvjs-overlays	0	Vue	💴  Collection of overlays made by the TradingVueJs community
tvjs-xp	https://github.com/modster/tvjs-xp	0	N/A	📦 Extension pack for trading-vue-js (TVJS XP)
tweet	https://github.com/modster/tweet	0	TypeScript	
twelve-point-star	https://github.com/modster/twelve-point-star	1	HTML	
twindce-lj163vuy	https://github.com/modster/twindce-lj163vuy	0	JavaScript	Created with WebComponents.dev
UFO-Game	https://github.com/modster/UFO-Game	0	C#	Beginner 2D UFO Game 1 of 9: Introduction - Unity Official Tutorials
ui	https://github.com/modster/ui	0	HTML	
uikit-htmx	https://github.com/modster/uikit-htmx	0	CSS	
umijs	https://github.com/modster/umijs	0	TypeScript	
unjs-listhen	https://github.com/modster/unjs-listhen	0	TypeScript	Created with StackBlitz ⚡️
vanilla	https://github.com/modster/vanilla	0	HTML	
vanilla-html	https://github.com/modster/vanilla-html	0	HTML	
vanilla-html-css-js	https://github.com/modster/vanilla-html-css-js	0	HTML	Created with StackBlitz ⚡️
vanilla-lightweight-charts	https://github.com/modster/vanilla-lightweight-charts	0	HTML	
vanilla-nextjs	https://github.com/modster/vanilla-nextjs	0	JavaScript	
vanilla-vite-js-starter	https://github.com/modster/vanilla-vite-js-starter	0	CSS	vanilla-vite-js-starter
vanilla-vue	https://github.com/modster/vanilla-vue	0	HTML	
vega-lite-livebook	https://github.com/modster/vega-lite-livebook	0	Python	
vercel-html-starter	https://github.com/modster/vercel-html-starter	1	HTML	
vercel-og	https://github.com/modster/vercel-og	0	TypeScript	
vertex-and-fragment-shaders-template	https://github.com/modster/vertex-and-fragment-shaders-template	0	HTML	
vetur-pack	https://github.com/modster/vetur-pack	0	Vue	Vue template
veturpack	https://github.com/modster/veturpack	0	Vue	Project based on vuepack to try Vetur.
viem-getting-started	https://github.com/modster/viem-getting-started	0	HTML	Created with StackBlitz ⚡️
visible-velocity	https://github.com/modster/visible-velocity	0	Astro	
vision-pro-svelte-nativescript-ab8pi5	https://github.com/modster/vision-pro-svelte-nativescript-ab8pi5	0	Svelte	Created with StackBlitz ⚡️
vite	https://github.com/modster/vite	0	N/A	vite
vite-js-starter	https://github.com/modster/vite-js-starter	0	CSS	Created with StackBlitz ⚡️
vite-plugin-pwa	https://github.com/modster/vite-plugin-pwa	0	N/A	Created with CodeSandbox
vite-preact-ws	https://github.com/modster/vite-preact-ws	0	CSS	Created with StackBlitz ⚡️
vite-project	https://github.com/modster/vite-project	0	CSS	
vite-r3f-lwcharts	https://github.com/modster/vite-r3f-lwcharts	0	JavaScript	Created with StackBlitz ⚡️
vite-r3f-typescript	https://github.com/modster/vite-r3f-typescript	0	N/A	Created with CodeSandbox
vite-react	https://github.com/modster/vite-react	0	CSS	
vite-react-r3f	https://github.com/modster/vite-react-r3f	0	CSS	
vite-react-swc	https://github.com/modster/vite-react-swc	0	CSS	
vite-react-ws	https://github.com/modster/vite-react-ws	0	CSS	Created with StackBlitz ⚡️
vite-reactjs	https://github.com/modster/vite-reactjs	0	CSS	
vite-svelte-chart-component	https://github.com/modster/vite-svelte-chart-component	0	JavaScript	
vite-threlte-template	https://github.com/modster/vite-threlte-template	0	TypeScript	Created with StackBlitz ⚡️
vite-vizhub-2022	https://github.com/modster/vite-vizhub-2022	0	JavaScript	Created with StackBlitz ⚡️
vite-webcontainer	https://github.com/modster/vite-webcontainer	0	CSS	Created with StackBlitz ⚡️
vitejs-preact-dev-container	https://github.com/modster/vitejs-preact-dev-container	0	CSS	
vitejs-vite-1zuqzl	https://github.com/modster/vitejs-vite-1zuqzl	0	Svelte	Created with StackBlitz ⚡️
vitejs-vite-idmyst	https://github.com/modster/vitejs-vite-idmyst	0	Svelte	Created with StackBlitz ⚡️
vitejs-vite-p2e3zk	https://github.com/modster/vitejs-vite-p2e3zk	0	CSS	Created with StackBlitz ⚡️
vitejs-vite-qlofiw	https://github.com/modster/vitejs-vite-qlofiw	0	JavaScript	Created with StackBlitz ⚡️
vitejs-vite-semqyk	https://github.com/modster/vitejs-vite-semqyk	0	Svelte	Created with StackBlitz ⚡️
vitejs-vite-vuehub	https://github.com/modster/vitejs-vite-vuehub	0	HTML	Created with StackBlitz ⚡️
vitesse-edge	https://github.com/modster/vitesse-edge	0	TypeScript	frandiox/vitessedge-template: https://github.com/frandiox/vitessedge-template
vitesse-webext	https://github.com/modster/vitesse-webext	0	TypeScript	
vitest-dev-vitest-rtwdiw	https://github.com/modster/vitest-dev-vitest-rtwdiw	0	TypeScript	Created with StackBlitz ⚡️
volar-starter	https://github.com/modster/volar-starter	0	Vue	
volar-starter.	https://github.com/modster/volar-starter.	0	Vue	
vs-streamjsonrpc	https://github.com/modster/vs-streamjsonrpc	1	C#	The StreamJsonRpc library offers JSON-RPC 2.0 over any .NET Stream, WebSocket, or Pipe. With bonus support for request cancellation, client proxy generation, and more.
vue	https://github.com/modster/vue	0	Vue	
vue-project	https://github.com/modster/vue-project	0	Vue	
vue3-eslint-stylelint-demo	https://github.com/modster/vue3-eslint-stylelint-demo	0	Vue	
vue3-vitesse	https://github.com/modster/vue3-vitesse	0	TypeScript	
VulkanAPIsamples	https://github.com/modster/VulkanAPIsamples	0	C++	Vulkan API Samples
wasm-pack	https://github.com/modster/wasm-pack	0	Rust	Web Assembly template with Yew and Webpack
wasmedge-nodejs-starter	https://github.com/modster/wasmedge-nodejs-starter	1	N/A	A template project to run Rust functions in Node.js through the Second State WebAssembly engine.
weatherapp	https://github.com/modster/weatherapp	0	Python	weather maps and sattelite images
web-component-behaviours	https://github.com/modster/web-component-behaviours	0	N/A	
web-component-intro	https://github.com/modster/web-component-intro	0	JavaScript	Introduction to Building Custom Web Components
web-crawl-q-and-a-example	https://github.com/modster/web-crawl-q-and-a-example	1	N/A	Learn how to crawl your website and build a Q/A bot with the OpenAI API
web-pubsub	https://github.com/modster/web-pubsub	0	N/A	Web PubSub Monorepo
web3-sessions	https://github.com/modster/web3-sessions	0	TypeScript	
webcontainers-express-app	https://github.com/modster/webcontainers-express-app	0	JavaScript	
webgl-examples	https://github.com/modster/webgl-examples	0	N/A	Code examples that accompany the MDN WebGL documentation
webpack-project-starter	https://github.com/modster/webpack-project-starter	0	JavaScript	Webpack 5 Project Starter Template
website	https://github.com/modster/website	0	N/A	Repository for hono.dev
websocket-template	https://github.com/modster/websocket-template	0	N/A	Example template for working with the WebSocketPair API in Cloudflare Workers.
websocks	https://github.com/modster/websocks	0	HTML	
Windows-universal-samples	https://github.com/modster/Windows-universal-samples	0	JavaScript	API samples for the Universal Windows Platform.
with-static-export-app	https://github.com/modster/with-static-export-app	0	JavaScript	Next app deploys to Github Pages.
worker-router	https://github.com/modster/worker-router	0	JavaScript	
worker-template-postgres	https://github.com/modster/worker-template-postgres	0	N/A	Reference demo and modified PostgreSQL driver to connect Cloudflare Workers to a relational database.
worker-turso-ts	https://github.com/modster/worker-turso-ts	0	TypeScript	
worker-typescript-template	https://github.com/modster/worker-typescript-template	0	TypeScript	
worker-websocket-project	https://github.com/modster/worker-websocket-project	0	JavaScript	
worker-ws	https://github.com/modster/worker-ws	0	JavaScript	
workers-httpbin	https://github.com/modster/workers-httpbin	0	N/A	a HTTP bin running in Cloudflare Workers
wp-greeffer	https://github.com/modster/wp-greeffer	0	N/A	
write-height	https://github.com/modster/write-height	0	N/A	A tiny web-based tool for rendering 3D models from greyscale images and heightmaps.
wss	https://github.com/modster/wss	0	JavaScript	
x-state-vue	https://github.com/modster/x-state-vue	0	Vue	Created with CodeSandbox
yerba-electron	https://github.com/modster/yerba-electron	0	TypeScript	
yew-template	https://github.com/modster/yew-template	0	SCSS	Web Assembly with Yew and Rust
yew-trunk-minimal-template	https://github.com/modster/yew-trunk-minimal-template	0	SCSS	The new repository will start with the same files and folders as yewstack/yew-trunk-minimal-template.
yew-wasm-pack	https://github.com/modster/yew-wasm-pack	0	Rust	The new repository will start with the same files and folders as yewstack/yew-wasm-pack-template.
yewstack-wasm-pack	https://github.com/modster/yewstack-wasm-pack	0	Rust	The new repository will start with the same files and folders as yewstack/yew-wasm-pack-template.
yolo	https://github.com/modster/yolo	1	JavaScript	YoloBot is a NodeJS server that parses incoming TradingView.com alerts and responds by placing buy or sell orders on the exchange(s) of your choosing. Alerts can be plain text or JSON. YoloBot ships with three basic functions (buy, sell, stop), and only supports the Binance exchange. It is easily modified to suit your purpose.
YoLoBoT	https://github.com/modster/YoLoBoT	10	JavaScript	YoloBot is a NodeJS server that parses incoming TradingView.com alerts and responds to them by placing buy or sell orders on the Binance exchange. It can be easily extended to include any api you wish.
yolodocs	https://github.com/modster/yolodocs	0	Vue	
yp	https://github.com/modster/yp	0	TypeScript	
zepplin-tute	https://github.com/modster/zepplin-tute	0	N/A	trying out zepplin cli
zguide	https://github.com/modster/zguide	0	PHP	Learning and Using ØMQ
_s	https://github.com/modster/_s	0	CSS	Hi. I'm a starter theme called _s, or underscores, if you like. I'm a theme meant for hacking so don't use me as a Parent Theme. Instead try turning me into the next, most awesome, WordPress theme out there. That's what I'm here for.